fecha_extraccion,retailer,categoria,producto,precio_lista_crc,precio_oferta_crc,descuento_pct,presentacion_ml,url_fuente,tipo_extraccion
2026-09-10,Walmart Costa Rica,Vino tinto,Vino Clos De Pirque Tinto Merlot - 1000ml,2950.0,,0,1000.0,https://www.walmart.co.cr/cervezas-vinos-y-licores/vinos/vino-tinto,web_scraping_live
2026-09-10,Walmart Costa Rica,Vino tinto,Vino Viña Maipo Clasic Series Merlot - 750 ml,3980.0,,0,750.0,https://www.walmart.co.cr/cervezas-vinos-y-licores/vinos/vino-tinto,web_scraping_live
2026-09-10,Walmart Costa Rica,Vino tinto,Vino Clos De Pirque Cabernet Sauvignon - 1000ml,3070.0,,0,1000.0,https://www.walmart.co.cr/cervezas-vinos-y-licores/vinos/vino-tinto,web_scraping_live
2026-09-10,Walmart Costa Rica,Vino tinto,Vino tinto Contenda merlot - 750 ml,3190.0,,0,750.0,https://www.walmart.co.cr/cervezas-vinos-y-licores/vinos/vino-tinto,web_scraping_live
2026-09-10,Walmart Costa Rica,Vino tinto,Vino tinto Don Simón Tempranillo -750 ml,1980.0,,0,750.0,https://www.walmart.co.cr/cervezas-vinos-y-licores/vinos/vino-tinto,web_scraping_live
2026-09-10,Walmart Costa Rica,Vino tinto,Vino Frontera Merlot -1500 ml,7500.0,,0,1500.0,https://www.walmart.co.cr/cervezas-vinos-y-licores/vinos/vino-tinto,web_scraping_live
2026-09-10,Walmart Costa Rica,Vino tinto,Vino Clos Dp Cabernet Tinto Sauvignon - 2000Ml,4900.0,,0,750.0,https://www.walmart.co.cr/cervezas-vinos-y-licores/vinos/vino-tinto,web_scraping_live
2026-09-10,Walmart Costa Rica,Vino tinto,Vino Fantini Montepulciano D Abruzzo 1500Ml,10010.0,,0,750.0,https://www.walmart.co.cr/cervezas-vinos-y-licores/vinos/vino-tinto,web_scraping_live
2026-09-10,Walmart Costa Rica,Vino tinto,Vino Tinto Torres Ramon Bilbao Crianza - 750ml,9766.0,,0,750.0,https://www.walmart.co.cr/cervezas-vinos-y-licores/vinos/vino-tinto,web_scraping_live
2026-09-10,Walmart Costa Rica,Vino tinto,Vino tinto San Telmo malbec botella - 750 ml,6100.0,,0,750.0,https://www.walmart.co.cr/cervezas-vinos-y-licores/vinos/vino-tinto,web_scraping_live
2026-09-10,Walmart Costa Rica,Vino tinto,2 Pack Sangria Peñasol Tinta -1000ml,4650.0,,0,1000.0,https://www.walmart.co.cr/cervezas-vinos-y-licores/vinos/vino-tinto,web_scraping_live
2026-09-10,Walmart Costa Rica,Vino tinto,Vino Viña Maipo Varietal Merlot 1.5L,7500.0,,0,1500.0,https://www.walmart.co.cr/cervezas-vinos-y-licores/vinos/vino-tinto,web_scraping_live
2026-09-10,Walmart Costa Rica,Vino tinto,Vino Frontera Frutal Tinto De Verano Manzana Naranja - 750 ml,4700.0,,0,750.0,https://www.walmart.co.cr/cervezas-vinos-y-licores/vinos/vino-tinto,web_scraping_live
2026-09-10,Walmart Costa Rica,Vino tinto,Vino tinto Dadá finca las moras - 750 ml,9082.0,,0,750.0,https://www.walmart.co.cr/cervezas-vinos-y-licores/vinos/vino-tinto,web_scraping_live
2026-09-10,Walmart Costa Rica,Vino tinto,Vino tinto Finca Las Moras malbec con 13.5% vol - 750 ml,5830.0,,0,750.0,https://www.walmart.co.cr/cervezas-vinos-y-licores/vinos/vino-tinto,web_scraping_live
2026-09-10,Walmart Costa Rica,Vino tinto,Vino Don Simon Premium Merlot - 1000ml,2200.0,,0,1000.0,https://www.walmart.co.cr/cervezas-vinos-y-licores/vinos/vino-tinto,web_scraping_live
2026-09-10,Walmart Costa Rica,Vino tinto,Vino tinto Álamos Malbec - 750 ml,8170.0,,0,750.0,https://www.walmart.co.cr/cervezas-vinos-y-licores/vinos/vino-tinto,web_scraping_live
2026-09-10,Walmart Costa Rica,Vino tinto,Vino Viña Maipo classic series cabernet sauvignon -750 ml,3980.0,,0,750.0,https://www.walmart.co.cr/cervezas-vinos-y-licores/vinos/vino-tinto,web_scraping_live
2026-09-10,Walmart Costa Rica,Vino tinto,Vino Tinto Teber Dulce - 750ml,3830.0,,0,750.0,https://www.walmart.co.cr/cervezas-vinos-y-licores/vinos/vino-tinto,web_scraping_live
2026-09-10,Walmart Costa Rica,Vino tinto,Vino Casillero Del Diablo Merlot - 750Ml,8120.0,,0,750.0,https://www.walmart.co.cr/cervezas-vinos-y-licores/vinos/vino-tinto,web_scraping_live
2026-09-10,Walmart Costa Rica,Vino tinto,Vino Tinto Cal y Canto red blend - 750 ml,6061.0,,0,750.0,https://www.walmart.co.cr/cervezas-vinos-y-licores/vinos/vino-tinto,web_scraping_live
2026-09-10,Walmart Costa Rica,Vino tinto,Vino Clos De Pirque Tinto Merlot - 1000ml Vendido por Walmart,3980.0,,0,1000.0,https://www.walmart.co.cr/cervezas-vinos-y-licores/vinos/vino-tinto,web_scraping_live
2026-09-10,Walmart Costa Rica,Vino tinto,Vino Viña Maipo Clasic Series Merlot - 750 ml Vendido por Walmart,3070.0,,0,750.0,https://www.walmart.co.cr/cervezas-vinos-y-licores/vinos/vino-tinto,web_scraping_live
2026-09-10,Walmart Costa Rica,Vino tinto,Vino Clos De Pirque Cabernet Sauvignon - 1000ml Vendido por Walmart,3190.0,,0,1000.0,https://www.walmart.co.cr/cervezas-vinos-y-licores/vinos/vino-tinto,web_scraping_live
2026-09-10,Walmart Costa Rica,Vino tinto,Vino tinto Contenda merlot - 750 ml Vendido por Walmart,1980.0,,0,750.0,https://www.walmart.co.cr/cervezas-vinos-y-licores/vinos/vino-tinto,web_scraping_live
2026-09-10,Walmart Costa Rica,Vino tinto,Vino tinto Don Simón Tempranillo -750 ml Vendido por Walmart,7500.0,,0,750.0,https://www.walmart.co.cr/cervezas-vinos-y-licores/vinos/vino-tinto,web_scraping_live
2026-09-10,Walmart Costa Rica,Vino tinto,Vino Frontera Merlot -1500 ml Vendido por Walmart,4900.0,,0,1500.0,https://www.walmart.co.cr/cervezas-vinos-y-licores/vinos/vino-tinto,web_scraping_live
2026-09-10,Walmart Costa Rica,Vino tinto,Vino Clos Dp Cabernet Tinto Sauvignon - 2000Ml Vendido por Walmart,10010.0,,0,750.0,https://www.walmart.co.cr/cervezas-vinos-y-licores/vinos/vino-tinto,web_scraping_live
2026-09-10,Walmart Costa Rica,Vino tinto,Vino Fantini Montepulciano D Abruzzo 1500Ml Vendido por Walmart,9766.0,,0,750.0,https://www.walmart.co.cr/cervezas-vinos-y-licores/vinos/vino-tinto,web_scraping_live
2026-09-10,Walmart Costa Rica,Vino tinto,Vino Tinto Torres Ramon Bilbao Crianza - 750ml Vendido por Walmart,6100.0,,0,750.0,https://www.walmart.co.cr/cervezas-vinos-y-licores/vinos/vino-tinto,web_scraping_live
2026-09-10,Walmart Costa Rica,Vinos general,Vino Frontera Frutal Tropical Mango Maracuyá - 750 ml,4700.0,,0,750.0,https://www.walmart.co.cr/cervezas-vinos-y-licores/vinos?page=6,web_scraping_live
2026-09-10,Walmart Costa Rica,Vinos general,Vino Blanco Casillero del Diablo Reserve Sauvignon Blanc - 750ml,8800.0,,0,750.0,https://www.walmart.co.cr/cervezas-vinos-y-licores/vinos?page=6,web_scraping_live
2026-09-10,Walmart Costa Rica,Vinos general,Vino Tinto Catena Malbec - 750 ml,13780.0,,0,750.0,https://www.walmart.co.cr/cervezas-vinos-y-licores/vinos?page=6,web_scraping_live
2026-09-10,Walmart Costa Rica,Vinos general,Vino Blanco Trapiche Pinot Grigio -750ml,5480.0,,0,750.0,https://www.walmart.co.cr/cervezas-vinos-y-licores/vinos?page=6,web_scraping_live
2026-09-10,Walmart Costa Rica,Vinos general,Vino Tinto Trapiche Merlot - 750 ml,6030.0,,0,750.0,https://www.walmart.co.cr/cervezas-vinos-y-licores/vinos?page=6,web_scraping_live
2026-09-10,Walmart Costa Rica,Vinos general,Vino Les Jamelles Petite Rosado - 750 ml,7358.0,,0,750.0,https://www.walmart.co.cr/cervezas-vinos-y-licores/vinos?page=6,web_scraping_live
2026-09-10,Walmart Costa Rica,Vinos general,Vino Tinto Fantini Sangiovese - 750ml,5190.0,,0,750.0,https://www.walmart.co.cr/cervezas-vinos-y-licores/vinos?page=6,web_scraping_live
2026-09-10,Walmart Costa Rica,Vinos general,Vino Tinto Robert Mondavi Mondavi Cabernet Sauvignon - 750 ml,11168.0,,0,750.0,https://www.walmart.co.cr/cervezas-vinos-y-licores/vinos?page=6,web_scraping_live
2026-09-10,Walmart Costa Rica,Vinos general,Vino Familia Pasqua Passimento - 750 ml,12144.0,,0,750.0,https://www.walmart.co.cr/cervezas-vinos-y-licores/vinos?page=6,web_scraping_live
2026-09-10,Walmart Costa Rica,Vinos general,Vino Toro Bravo verdejo sauvignon blanco - 750 ml,5000.0,,0,750.0,https://www.walmart.co.cr/cervezas-vinos-y-licores/vinos?page=6,web_scraping_live
2026-09-10,Walmart Costa Rica,Vinos general,Vino espumoso Calvet celebration brut rosé - 750 ml,7580.0,,0,750.0,https://www.walmart.co.cr/cervezas-vinos-y-licores/vinos?page=6,web_scraping_live
2026-09-10,Walmart Costa Rica,Vinos general,Vino Tinto Santa Carolina Cabernet Sauvignon -1500 ml,6935.0,,0,1500.0,https://www.walmart.co.cr/cervezas-vinos-y-licores/vinos?page=6,web_scraping_live
2026-09-10,Walmart Costa Rica,Vinos general,Vino Pata Negra Valdepenas Crianza - 750 ml,5387.0,,0,750.0,https://www.walmart.co.cr/cervezas-vinos-y-licores/vinos?page=6,web_scraping_live
2026-09-10,Walmart Costa Rica,Vinos general,Vino Blanco Tarapacá Pinot Grigio - 750 ml,4902.0,,0,750.0,https://www.walmart.co.cr/cervezas-vinos-y-licores/vinos?page=6,web_scraping_live
2026-09-10,Walmart Costa Rica,Vinos general,Vino Tarapacá Tinto Merlot - 750 ml,5387.0,,0,750.0,https://www.walmart.co.cr/cervezas-vinos-y-licores/vinos?page=6,web_scraping_live
2026-09-10,Walmart Costa Rica,Vinos general,Vino Tinto Trapiche Vineyards Malbec - 750 ml,4750.0,,0,750.0,https://www.walmart.co.cr/cervezas-vinos-y-licores/vinos?page=6,web_scraping_live
2026-09-10,Walmart Costa Rica,Vinos general,Vino tinto Manischewitz de uva botella de vidrio - 750 ml,5168.0,,0,750.0,https://www.walmart.co.cr/cervezas-vinos-y-licores/vinos?page=6,web_scraping_live
2026-09-10,Walmart Costa Rica,Vinos general,Vino Marquez De Riscal reserva rioja - 750 ml,13775.0,,0,750.0,https://www.walmart.co.cr/cervezas-vinos-y-licores/vinos?page=6,web_scraping_live
2026-09-10,Walmart Costa Rica,Vinos general,Vino Tinto Luigi Bosca Malbec - 750 ml,11500.0,,0,750.0,https://www.walmart.co.cr/cervezas-vinos-y-licores/vinos?page=6,web_scraping_live
2026-09-10,Walmart Costa Rica,Vinos general,Vino Bco Sta Julia Dulc Chenin 750mlx6,4500.0,,0,750.0,https://www.walmart.co.cr/cervezas-vinos-y-licores/vinos?page=6,web_scraping_live
2026-09-10,Walmart Costa Rica,Vinos general,Champagne Veuve Clicquot brut - 750 ml,41370.0,,0,750.0,https://www.walmart.co.cr/cervezas-vinos-y-licores/vinos?page=6,web_scraping_live
2026-09-10,Walmart Costa Rica,Vinos general,Vino Frontera Frutal Tropical Mango Maracuyá - 750 ml Vendido por Walmart,8800.0,,0,750.0,https://www.walmart.co.cr/cervezas-vinos-y-licores/vinos?page=6,web_scraping_live
2026-09-10,Walmart Costa Rica,Vinos general,Vino Blanco Casillero del Diablo Reserve Sauvignon Blanc - 750ml Vendido por Walmart,13780.0,,0,750.0,https://www.walmart.co.cr/cervezas-vinos-y-licores/vinos?page=6,web_scraping_live
2026-09-10,Walmart Costa Rica,Vinos general,Vino Tinto Catena Malbec - 750 ml Vendido por Walmart,5480.0,,0,750.0,https://www.walmart.co.cr/cervezas-vinos-y-licores/vinos?page=6,web_scraping_live
2026-09-10,Walmart Costa Rica,Vinos general,Vino Blanco Trapiche Pinot Grigio -750ml Vendido por Walmart,6030.0,,0,750.0,https://www.walmart.co.cr/cervezas-vinos-y-licores/vinos?page=6,web_scraping_live
2026-09-10,Walmart Costa Rica,Vinos general,Vino Tinto Trapiche Merlot - 750 ml Vendido por Walmart,9810.0,,0,750.0,https://www.walmart.co.cr/cervezas-vinos-y-licores/vinos?page=6,web_scraping_live
2026-09-10,Walmart Costa Rica,Vinos general,Vino Les Jamelles Petite Rosado - 750 ml Vendido por Walmart,6920.0,,0,750.0,https://www.walmart.co.cr/cervezas-vinos-y-licores/vinos?page=6,web_scraping_live
2026-09-10,Walmart Costa Rica,Vinos general,Vino Tinto Fantini Sangiovese - 750ml Vendido por Walmart,13960.0,,0,750.0,https://www.walmart.co.cr/cervezas-vinos-y-licores/vinos?page=6,web_scraping_live
2026-09-10,Walmart Costa Rica,Vinos general,Vino Tinto Robert Mondavi Mondavi Cabernet Sauvignon - 750 ml Vendido por Walmart,15180.0,,0,750.0,https://www.walmart.co.cr/cervezas-vinos-y-licores/vinos?page=6,web_scraping_live
2026-09-10,Walmart Costa Rica,Vinos general,Vino Familia Pasqua Passimento - 750 ml Vendido por Walmart,9300.0,,0,750.0,https://www.walmart.co.cr/cervezas-vinos-y-licores/vinos?page=6,web_scraping_live
2026-09-10,Masxmenos Costa Rica,Vino blanco,Vino Clos De Pirque Blanco - 1000ml,3100.0,,0,1000.0,https://www.masxmenos.cr/cervezas-vinos-y-licores/vinos/vino-blanco,web_scraping_live
2026-09-10,Masxmenos Costa Rica,Vino blanco,Vino blanco Fantini terre siciliante pinot grigio - 750 ml,6110.0,,0,750.0,https://www.masxmenos.cr/cervezas-vinos-y-licores/vinos/vino-blanco,web_scraping_live
2026-09-10,Masxmenos Costa Rica,Vino blanco,Vino Peter Brum Liebfraulmil Blan - 750ml,5100.0,,0,750.0,https://www.masxmenos.cr/cervezas-vinos-y-licores/vinos/vino-blanco,web_scraping_live
2026-09-10,Masxmenos Costa Rica,Vino blanco,Vino Don Simón premium selección chardonnay - 1000 ml,2530.0,,0,1000.0,https://www.masxmenos.cr/cervezas-vinos-y-licores/vinos/vino-blanco,web_scraping_live
2026-09-10,Masxmenos Costa Rica,Vino blanco,Vino blanco Trivento malbec reserva 2022 - 750 ml,8960.0,,0,750.0,https://www.masxmenos.cr/cervezas-vinos-y-licores/vinos/vino-blanco,web_scraping_live
2026-09-10,Masxmenos Costa Rica,Vino blanco,Vino blanco Blue Nun Authentic White- 750ml,6830.0,,0,750.0,https://www.masxmenos.cr/cervezas-vinos-y-licores/vinos/vino-blanco,web_scraping_live
2026-09-10,Masxmenos Costa Rica,Vino blanco,Vino Blanco Pasqua Pinot Grigio -1500ml,11560.0,,0,1500.0,https://www.masxmenos.cr/cervezas-vinos-y-licores/vinos/vino-blanco,web_scraping_live
2026-09-10,Masxmenos Costa Rica,Vino blanco,Vino Santa Carolina Chardonay Botella - 750 ml,3895.0,,0,750.0,https://www.masxmenos.cr/cervezas-vinos-y-licores/vinos/vino-blanco,web_scraping_live
2026-09-10,Masxmenos Costa Rica,Vino blanco,Vino blanco Protos verdejo criado sobre lias finas - 750 ml,8310.0,,0,750.0,https://www.masxmenos.cr/cervezas-vinos-y-licores/vinos/vino-blanco,web_scraping_live
2026-09-10,Masxmenos Costa Rica,Vino blanco,Vino blanco Frontera chardonnay viñedo protegido por la naturaleza - 750 ml,6070.0,,0,750.0,https://www.masxmenos.cr/cervezas-vinos-y-licores/vinos/vino-blanco,web_scraping_live
2026-09-10,Masxmenos Costa Rica,Vino blanco,Vino Adobe Chardonnay orgánico -375 ml,4900.0,,0,375.0,https://www.masxmenos.cr/cervezas-vinos-y-licores/vinos/vino-blanco,web_scraping_live
2026-09-10,Masxmenos Costa Rica,Vino blanco,Vino blanco La Linda sweet viognier – 750 ml,8380.0,,0,750.0,https://www.masxmenos.cr/cervezas-vinos-y-licores/vinos/vino-blanco,web_scraping_live
2026-09-10,Masxmenos Costa Rica,Vino blanco,Vino Luigi Bosca de Sangre - 750 ml,15444.0,,0,750.0,https://www.masxmenos.cr/cervezas-vinos-y-licores/vinos/vino-blanco,web_scraping_live
2026-09-10,Masxmenos Costa Rica,Vino blanco,Vino Ruffino Blanco Orvieto - 750ml,7743.0,,0,750.0,https://www.masxmenos.cr/cervezas-vinos-y-licores/vinos/vino-blanco,web_scraping_live
2026-09-10,Masxmenos Costa Rica,Vino blanco,Vino Blanco Tarapacá Pinot Grigio - 750 ml,4950.0,,0,750.0,https://www.masxmenos.cr/cervezas-vinos-y-licores/vinos/vino-blanco,web_scraping_live
2026-09-10,Masxmenos Costa Rica,Vino blanco,Vino Maipo blanco Chardonnay -1.5 L,7500.0,,0,1500.0,https://www.masxmenos.cr/cervezas-vinos-y-licores/vinos/vino-blanco,web_scraping_live
2026-09-10,Masxmenos Costa Rica,Vino blanco,Vino Tinto Fantini Trebbiano D Abruzzo -750ml,6110.0,,0,750.0,https://www.masxmenos.cr/cervezas-vinos-y-licores/vinos/vino-blanco,web_scraping_live
2026-09-10,Masxmenos Costa Rica,Vino blanco,Vino Casillero del Diablo Phenomenal Sauvignon - 750 ml,8660.0,,0,750.0,https://www.masxmenos.cr/cervezas-vinos-y-licores/vinos/vino-blanco,web_scraping_live
2026-09-10,Masxmenos Costa Rica,Vino blanco,Vino Les Jamelles Chardonay - 750ml,15380.0,,0,750.0,https://www.masxmenos.cr/cervezas-vinos-y-licores/vinos/vino-blanco,web_scraping_live
2026-09-10,Masxmenos Costa Rica,Vino blanco,Vino Twin View Cabernet 750ml,5000.0,,0,750.0,https://www.masxmenos.cr/cervezas-vinos-y-licores/vinos/vino-blanco,web_scraping_live
2026-09-10,Masxmenos Costa Rica,Vino blanco,Vino blanco Pata Negra rueda verdejo - 750 ml,7080.0,,0,750.0,https://www.masxmenos.cr/cervezas-vinos-y-licores/vinos/vino-blanco,web_scraping_live
2026-09-10,Masxmenos Costa Rica,Vino blanco,Vino Clos De Pirque Blanco - 1000ml,6110.0,,0,1000.0,https://www.masxmenos.cr/cervezas-vinos-y-licores/vinos/vino-blanco,web_scraping_live
2026-09-10,Masxmenos Costa Rica,Vino blanco,Vino blanco Fantini terre siciliante pinot grigio - 750 ml,7200.0,,0,750.0,https://www.masxmenos.cr/cervezas-vinos-y-licores/vinos/vino-blanco,web_scraping_live
2026-09-10,Masxmenos Costa Rica,Vino blanco,Vino Peter Brum Liebfraulmil Blan - 750ml,2530.0,,0,750.0,https://www.masxmenos.cr/cervezas-vinos-y-licores/vinos/vino-blanco,web_scraping_live
2026-09-10,Masxmenos Costa Rica,Vino blanco,Vino Don Simón premium selección chardonnay - 1000 ml,8960.0,,0,1000.0,https://www.masxmenos.cr/cervezas-vinos-y-licores/vinos/vino-blanco,web_scraping_live
2026-09-10,Masxmenos Costa Rica,Vino blanco,Vino blanco Trivento malbec reserva 2022 - 750 ml,6830.0,,0,750.0,https://www.masxmenos.cr/cervezas-vinos-y-licores/vinos/vino-blanco,web_scraping_live
2026-09-10,Masxmenos Costa Rica,Vino blanco,Vino blanco Blue Nun Authentic White- 750ml,11560.0,,0,750.0,https://www.masxmenos.cr/cervezas-vinos-y-licores/vinos/vino-blanco,web_scraping_live
2026-09-10,Masxmenos Costa Rica,Vino blanco,Vino Blanco Pasqua Pinot Grigio -1500ml,3895.0,,0,1500.0,https://www.masxmenos.cr/cervezas-vinos-y-licores/vinos/vino-blanco,web_scraping_live
2026-09-10,Masxmenos Costa Rica,Vino blanco,Vino Santa Carolina Chardonay Botella - 750 ml,8310.0,,0,750.0,https://www.masxmenos.cr/cervezas-vinos-y-licores/vinos/vino-blanco,web_scraping_live
2026-09-10,Masxmenos Costa Rica,Vino blanco,Vino blanco Protos verdejo criado sobre lias finas - 750 ml,6070.0,,0,750.0,https://www.masxmenos.cr/cervezas-vinos-y-licores/vinos/vino-blanco,web_scraping_live
2026-09-10,Masxmenos Costa Rica,Vino rosado,Vino Soupcon de fruit rose d&apos;anjou 2020 - 750 ml,7619.0,,0,750.0,https://www.masxmenos.cr/cervezas-vinos-y-licores/vinos/vino-rosado,web_scraping_live
2026-09-10,Masxmenos Costa Rica,Vino rosado,Vino rosado Frontera gently bubbly spritzer roses -750 ml,5770.0,,0,750.0,https://www.masxmenos.cr/cervezas-vinos-y-licores/vinos/vino-rosado,web_scraping_live
2026-09-10,Masxmenos Costa Rica,Vino rosado,Vino Mr Wild Org Rose 750 ml,11180.0,,0,750.0,https://www.masxmenos.cr/cervezas-vinos-y-licores/vinos/vino-rosado,web_scraping_live
2026-09-10,Masxmenos Costa Rica,Vino rosado,Vino Rosado Ijalba Rioja Eco -750ml,6853.0,,0,750.0,https://www.masxmenos.cr/cervezas-vinos-y-licores/vinos/vino-rosado,web_scraping_live
2026-09-10,Masxmenos Costa Rica,Vino rosado,Vino Marques De Caceres Rosado Rioja - 750Ml,8810.0,,0,750.0,https://www.masxmenos.cr/cervezas-vinos-y-licores/vinos/vino-rosado,web_scraping_live
2026-09-10,Masxmenos Costa Rica,Vino rosado,Vino Laudum Chardonnay - 750 ml,8280.0,,0,750.0,https://www.masxmenos.cr/cervezas-vinos-y-licores/vinos/vino-rosado,web_scraping_live
2026-09-10,Masxmenos Costa Rica,Vino rosado,Vino Les Jamelles Petite Rosado - 750 ml,7358.0,,0,750.0,https://www.masxmenos.cr/cervezas-vinos-y-licores/vinos/vino-rosado,web_scraping_live
2026-09-10,Masxmenos Costa Rica,Vino rosado,Vino Làudum Gran Reserva - 750 ml,11430.0,,0,750.0,https://www.masxmenos.cr/cervezas-vinos-y-licores/vinos/vino-rosado,web_scraping_live
2026-09-10,Masxmenos Costa Rica,Vino rosado,Vino Rosado Dark Horse Pinot Noir - 750 ml,8655.0,,0,750.0,https://www.masxmenos.cr/cervezas-vinos-y-licores/vinos/vino-rosado,web_scraping_live
2026-09-10,Masxmenos Costa Rica,Vino rosado,Vino Làudum Barrica - 750 ml,10080.0,,0,750.0,https://www.masxmenos.cr/cervezas-vinos-y-licores/vinos/vino-rosado,web_scraping_live
2026-09-10,Masxmenos Costa Rica,Vino rosado,Vino Laudum Monastrell - 750 ml,8280.0,,0,750.0,https://www.masxmenos.cr/cervezas-vinos-y-licores/vinos/vino-rosado,web_scraping_live
2026-09-10,Masxmenos Costa Rica,Vino rosado,Vino Laudum Rosado - 750 ml,8280.0,,0,750.0,https://www.masxmenos.cr/cervezas-vinos-y-licores/vinos/vino-rosado,web_scraping_live
2026-09-10,Masxmenos Costa Rica,Vino rosado,Vino Làudum Reserva - 750 ml,10080.0,,0,750.0,https://www.masxmenos.cr/cervezas-vinos-y-licores/vinos/vino-rosado,web_scraping_live
2026-09-10,Masxmenos Costa Rica,Vino rosado,Vino rose Carnivor apothic - 750 ml,10943.0,,0,750.0,https://www.masxmenos.cr/cervezas-vinos-y-licores/vinos/vino-rosado,web_scraping_live
2026-09-10,Masxmenos Costa Rica,Vino rosado,Vino rosado Trapiche vineyards argentino - 750 ml,5358.0,,0,750.0,https://www.masxmenos.cr/cervezas-vinos-y-licores/vinos/vino-rosado,web_scraping_live
2026-09-10,Masxmenos Costa Rica,Vino rosado,Vino Trivento Reserva Malbec Rosado - 750 ml,8730.0,,0,750.0,https://www.masxmenos.cr/cervezas-vinos-y-licores/vinos/vino-rosado,web_scraping_live
2026-09-10,Masxmenos Costa Rica,Vino rosado,"Vino Rosado Freixenet, Ice Rose -750 ml",10000.0,,0,750.0,https://www.masxmenos.cr/cervezas-vinos-y-licores/vinos/vino-rosado,web_scraping_live
2026-09-10,Masxmenos Costa Rica,Vino rosado,Vino Cavicchioli lambrusco rosato dulce - 750 ml,6140.0,,0,750.0,https://www.masxmenos.cr/cervezas-vinos-y-licores/vinos/vino-rosado,web_scraping_live
2026-09-10,Masxmenos Costa Rica,Vino rosado,Vino rosado Canti prosecco - 750 ml,10810.0,,0,750.0,https://www.masxmenos.cr/cervezas-vinos-y-licores/vinos/vino-rosado,web_scraping_live
2026-09-10,Masxmenos Costa Rica,Vino rosado,Vino Rosado Cune Bailarina 750mlx6,8670.0,,0,750.0,https://www.masxmenos.cr/cervezas-vinos-y-licores/vinos/vino-rosado,web_scraping_live
2026-09-10,Masxmenos Costa Rica,Vino rosado,Vino rosado Cono Sur bicicleta pinot noir - 750 ml,8250.0,,0,750.0,https://www.masxmenos.cr/cervezas-vinos-y-licores/vinos/vino-rosado,web_scraping_live
2026-09-10,Masxmenos Costa Rica,Vino rosado,Vino Soupcon de fruit rose d'anjou 2020 - 750 ml,5770.0,,0,750.0,https://www.masxmenos.cr/cervezas-vinos-y-licores/vinos/vino-rosado,web_scraping_live
2026-09-10,Masxmenos Costa Rica,Vino rosado,Vino rosado Frontera gently bubbly spritzer roses -750 ml,11180.0,,0,750.0,https://www.masxmenos.cr/cervezas-vinos-y-licores/vinos/vino-rosado,web_scraping_live
2026-09-10,Masxmenos Costa Rica,Vino rosado,Vino Mr Wild Org Rose 750 ml,9790.0,,0,750.0,https://www.masxmenos.cr/cervezas-vinos-y-licores/vinos/vino-rosado,web_scraping_live
2026-09-10,Masxmenos Costa Rica,Vino rosado,Vino Rosado Ijalba Rioja Eco -750ml,8810.0,,0,750.0,https://www.masxmenos.cr/cervezas-vinos-y-licores/vinos/vino-rosado,web_scraping_live
2026-09-10,Masxmenos Costa Rica,Vino rosado,Vino Marques De Caceres Rosado Rioja - 750Ml,9200.0,,0,750.0,https://www.masxmenos.cr/cervezas-vinos-y-licores/vinos/vino-rosado,web_scraping_live
2026-09-10,Masxmenos Costa Rica,Vino rosado,Vino Laudum Chardonnay - 750 ml,9810.0,,0,750.0,https://www.masxmenos.cr/cervezas-vinos-y-licores/vinos/vino-rosado,web_scraping_live
2026-09-10,Masxmenos Costa Rica,Vino rosado,Vino Les Jamelles Petite Rosado - 750 ml,12700.0,,0,750.0,https://www.masxmenos.cr/cervezas-vinos-y-licores/vinos/vino-rosado,web_scraping_live
2026-09-10,Masxmenos Costa Rica,Vino rosado,Vino Làudum Gran Reserva - 750 ml,11540.0,,0,750.0,https://www.masxmenos.cr/cervezas-vinos-y-licores/vinos/vino-rosado,web_scraping_live
2026-09-10,Masxmenos Costa Rica,Vino rosado,Vino Rosado Dark Horse Pinot Noir - 750 ml,11200.0,,0,750.0,https://www.masxmenos.cr/cervezas-vinos-y-licores/vinos/vino-rosado,web_scraping_live
2026-09-10,Masxmenos Costa Rica,Frontera,Vino blanco Frontera chardonnay viñedo protegido por la naturaleza - 750 ml,6070.0,,0,750.0,https://www.masxmenos.cr/frontera,web_scraping_live
2026-09-10,Masxmenos Costa Rica,Frontera,Vino rosado Frontera gently bubbly spritzer roses -750 ml,5770.0,,0,750.0,https://www.masxmenos.cr/frontera,web_scraping_live
2026-09-10,Masxmenos Costa Rica,Frontera,Vino Frontera blanco sauvignon concha y toro - 750 ml,6070.0,,0,750.0,https://www.masxmenos.cr/frontera,web_scraping_live
2026-09-10,Masxmenos Costa Rica,Frontera,Vino tinto Frontera carmenere viñedo protegido por la naturaleza - 750 ml,5930.0,,0,750.0,https://www.masxmenos.cr/frontera,web_scraping_live
2026-09-10,Masxmenos Costa Rica,Frontera,Vino Frontera rosado concha y toro Chile - 750 ml,5770.0,,0,750.0,https://www.masxmenos.cr/frontera,web_scraping_live
2026-09-10,Masxmenos Costa Rica,Frontera,Vino Frontera Merlot -1500 ml,7500.0,,0,1500.0,https://www.masxmenos.cr/frontera,web_scraping_live
2026-09-10,Masxmenos Costa Rica,Frontera,Vino Frontera Concha y Toro Merlot - 750ml,5930.0,,0,750.0,https://www.masxmenos.cr/frontera,web_scraping_live
2026-09-10,Masxmenos Costa Rica,Frontera,Vino Frontera tinto concha y toro cabernet - 1500 ml,9380.0,,0,1500.0,https://www.masxmenos.cr/frontera,web_scraping_live
2026-09-10,Masxmenos Costa Rica,Frontera,Vino blanco Frontera sauvignon blanc - 1500 ml,9120.0,,0,1500.0,https://www.masxmenos.cr/frontera,web_scraping_live
2026-09-10,Masxmenos Costa Rica,Frontera,Frontera Cabernet Sauvignon 750Ml,5930.0,,0,750.0,https://www.masxmenos.cr/frontera,web_scraping_live
2026-09-10,Masxmenos Costa Rica,Frontera,Vino Frontera Chardonnay - 1500Ml,8940.0,,0,750.0,https://www.masxmenos.cr/frontera,web_scraping_live
2026-09-10,Masxmenos Costa Rica,Frontera,Vino blanco Frontera spritzer chardonnay eldelflower - 750 ml,5910.0,,0,750.0,https://www.masxmenos.cr/frontera,web_scraping_live
2026-09-10,Masxmenos Costa Rica,Frontera,Vino Frontera Frutal Tinto De Verano Manzana Naranja - 750 ml,4750.0,,0,750.0,https://www.masxmenos.cr/frontera,web_scraping_live
2026-09-10,Masxmenos Costa Rica,Frontera,Vino Frontera Frutal Tropical Mango Maracuyá - 750 ml,4750.0,,0,750.0,https://www.masxmenos.cr/frontera,web_scraping_live
2026-09-10,Masxmenos Costa Rica,Frontera,"Vinos Sub-Categoría Vino Tinto Vino Blanco Vino Rosado Departamento Cervezas, Vinos y Licores Rebaja Exclusiva en línea Rangos de precio",4200.0,,0,750.0,https://www.masxmenos.cr/frontera,web_scraping_live
2026-09-10,Masxmenos Costa Rica,Frontera,Vino blanco Frontera chardonnay viñedo protegido por la naturaleza - 750 ml,5770.0,,0,750.0,https://www.masxmenos.cr/frontera,web_scraping_live
2026-09-10,Masxmenos Costa Rica,Frontera,Vino rosado Frontera gently bubbly spritzer roses -750 ml,6070.0,,0,750.0,https://www.masxmenos.cr/frontera,web_scraping_live
2026-09-10,Masxmenos Costa Rica,Frontera,Vino Frontera blanco sauvignon concha y toro - 750 ml,5930.0,,0,750.0,https://www.masxmenos.cr/frontera,web_scraping_live
2026-09-10,Masxmenos Costa Rica,Frontera,Vino tinto Frontera carmenere viñedo protegido por la naturaleza - 750 ml,5770.0,,0,750.0,https://www.masxmenos.cr/frontera,web_scraping_live
2026-09-10,Masxmenos Costa Rica,Frontera,Vino Frontera rosado concha y toro Chile - 750 ml,7500.0,,0,750.0,https://www.masxmenos.cr/frontera,web_scraping_live
2026-09-10,Masxmenos Costa Rica,Frontera,Vino Frontera Merlot -1500 ml,5930.0,,0,1500.0,https://www.masxmenos.cr/frontera,web_scraping_live
2026-09-10,Masxmenos Costa Rica,Frontera,Vino Frontera Concha y Toro Merlot - 750ml,9380.0,,0,750.0,https://www.masxmenos.cr/frontera,web_scraping_live
2026-09-10,Masxmenos Costa Rica,Frontera,Vino Frontera tinto concha y toro cabernet - 1500 ml,9120.0,,0,1500.0,https://www.masxmenos.cr/frontera,web_scraping_live
2026-09-10,Masxmenos Costa Rica,Frontera,Vino blanco Frontera sauvignon blanc - 1500 ml,5930.0,,0,1500.0,https://www.masxmenos.cr/frontera,web_scraping_live
2026-09-10,PriceSmart Costa Rica,Vino tinto,Santa Rita 120 Carmenere Vino Tinto 750 mL,6495.0,,0,750.0,https://www.pricesmart.com/es-cr/categoria/Licor-cerveza-y-vino-G10D08014/Vino-tinto-G10D08014011/G10D08014011?page=1,web_scraping_live
2026-09-10,PriceSmart Costa Rica,Vino tinto,Baron Philippe de Rothschild Vino Tinto Cabernet Sauvignon 750 mL / 25.36 oz,9795.0,,0,750.0,https://www.pricesmart.com/es-cr/categoria/Licor-cerveza-y-vino-G10D08014/Vino-tinto-G10D08014011/G10D08014011?page=1,web_scraping_live
2026-09-10,PriceSmart Costa Rica,Vino tinto,Clos de Pirque Vino Tinto Cabernet Sauvignon 3 Unidades / 1 L,7495.0,,0,3000.0,https://www.pricesmart.com/es-cr/categoria/Licor-cerveza-y-vino-G10D08014/Vino-tinto-G10D08014011/G10D08014011?page=1,web_scraping_live
2026-09-10,PriceSmart Costa Rica,Vino tinto,Montepulciano Vino Tinto de Frutos Rojos 1.5 L / 51 oz,8795.0,,0,1500.0,https://www.pricesmart.com/es-cr/categoria/Licor-cerveza-y-vino-G10D08014/Vino-tinto-G10D08014011/G10D08014011?page=1,web_scraping_live
2026-09-10,PriceSmart Costa Rica,Vino tinto,Rioja Próximo Tempranillo Vino Tinto 750 mL / 25.4 oz,5795.0,,0,750.0,https://www.pricesmart.com/es-cr/categoria/Licor-cerveza-y-vino-G10D08014/Vino-tinto-G10D08014011/G10D08014011?page=1,web_scraping_live
2026-09-10,PriceSmart Costa Rica,Vino tinto,Loma Negra Vino Tinto Merlot 750 ml / 25.4 oz,2395.0,,0,750.0,https://www.pricesmart.com/es-cr/categoria/Licor-cerveza-y-vino-G10D08014/Vino-tinto-G10D08014011/G10D08014011?page=1,web_scraping_live
2026-09-10,PriceSmart Costa Rica,Vino tinto,Marques Caceres Crianza Vino Tinto 750 mL / 25.4 oz,10995.0,,0,750.0,https://www.pricesmart.com/es-cr/categoria/Licor-cerveza-y-vino-G10D08014/Vino-tinto-G10D08014011/G10D08014011?page=1,web_scraping_live
2026-09-10,PriceSmart Costa Rica,Vino tinto,Ramon Bilbao Vino Tinto Crianza 750 mL,11295.0,,0,750.0,https://www.pricesmart.com/es-cr/categoria/Licor-cerveza-y-vino-G10D08014/Vino-tinto-G10D08014011/G10D08014011?page=1,web_scraping_live
2026-09-10,PriceSmart Costa Rica,Vino tinto,Faustino Rivero Ulecia Set Vinos Rioja 3 Unidades / 750 mL,20795.0,,0,2250.0,https://www.pricesmart.com/es-cr/categoria/Licor-cerveza-y-vino-G10D08014/Vino-tinto-G10D08014011/G10D08014011?page=1,web_scraping_live
2026-09-10,PriceSmart Costa Rica,Vino tinto,Apothic Vino Tinto 750 mL / 25.4 oz,9495.0,,0,750.0,https://www.pricesmart.com/es-cr/categoria/Licor-cerveza-y-vino-G10D08014/Vino-tinto-G10D08014011/G10D08014011?page=1,web_scraping_live
2026-09-10,PriceSmart Costa Rica,Vino tinto,Legado Muñoz Vino Tinto Tempranillo 750 mL / 25.4 oz,4795.0,,0,750.0,https://www.pricesmart.com/es-cr/categoria/Licor-cerveza-y-vino-G10D08014/Vino-tinto-G10D08014011/G10D08014011?page=2,web_scraping_live
2026-09-10,PriceSmart Costa Rica,Vino tinto,Real Compañia Vino Tinto Tempranillo Botella de 750 mL / 25.4 oz,4995.0,,0,750.0,https://www.pricesmart.com/es-cr/categoria/Licor-cerveza-y-vino-G10D08014/Vino-tinto-G10D08014011/G10D08014011?page=2,web_scraping_live
2026-09-10,PriceSmart Costa Rica,Vino tinto,Finca Las Moras Botella de Vino Tinto Malbec Suave al Paladar 750 mL / 25.4 oz,5295.0,,0,750.0,https://www.pricesmart.com/es-cr/categoria/Licor-cerveza-y-vino-G10D08014/Vino-tinto-G10D08014011/G10D08014011?page=2,web_scraping_live
2026-09-10,PriceSmart Costa Rica,Vino tinto,Manischewitz Concord Grape Vino Tinto 750 mL / 25.36 oz,5495.0,,0,750.0,https://www.pricesmart.com/es-cr/categoria/Licor-cerveza-y-vino-G10D08014/Vino-tinto-G10D08014011/G10D08014011?page=2,web_scraping_live
2026-09-10,PriceSmart Costa Rica,Vino tinto,Frontera Merlot Vino Tinto Chileno Botella de 1.5 L / 51 oz,7795.0,,0,1500.0,https://www.pricesmart.com/es-cr/categoria/Licor-cerveza-y-vino-G10D08014/Vino-tinto-G10D08014011/G10D08014011?page=2,web_scraping_live
2026-09-10,PriceSmart Costa Rica,Vino tinto,Santa Rita 120 Reserva Especial Vino Tinto 4 Unidades / 187.5 mL / 6.3 oz,7495.0,,0,750.0,https://www.pricesmart.com/es-cr/categoria/Licor-cerveza-y-vino-G10D08014/Vino-tinto-G10D08014011/G10D08014011?page=2,web_scraping_live
2026-09-10,PriceSmart Costa Rica,Vino tinto,Mantrús Crianza Vino Tinto 750 mL / 25.36 oz,4495.0,,0,750.0,https://www.pricesmart.com/es-cr/categoria/Licor-cerveza-y-vino-G10D08014/Vino-tinto-G10D08014011/G10D08014011?page=2,web_scraping_live
2026-09-10,PriceSmart Costa Rica,Vino tinto,Catena Vista Flores Vino Tinto Malbec 750 mL,12995.0,,0,750.0,https://www.pricesmart.com/es-cr/categoria/Licor-cerveza-y-vino-G10D08014/Vino-tinto-G10D08014011/G10D08014011?page=2,web_scraping_live
2026-09-10,PriceSmart Costa Rica,Vino tinto,Caliterra Reserva Vino Tinto Cabernet Sauvignon 750 mL,6395.0,,0,750.0,https://www.pricesmart.com/es-cr/categoria/Licor-cerveza-y-vino-G10D08014/Vino-tinto-G10D08014011/G10D08014011?page=2,web_scraping_live
2026-09-10,PriceSmart Costa Rica,Vino tinto,Pasqua Zin Primitivo Vino Tinto 750 mL,11995.0,,0,750.0,https://www.pricesmart.com/es-cr/categoria/Licor-cerveza-y-vino-G10D08014/Vino-tinto-G10D08014011/G10D08014011?page=3,web_scraping_live
2026-09-10,PriceSmart Costa Rica,Vino tinto,Muga Vino Tinto Español El Anden de la Estación 750 mL,15495.0,,0,750.0,https://www.pricesmart.com/es-cr/categoria/Licor-cerveza-y-vino-G10D08014/Vino-tinto-G10D08014011/G10D08014011?page=3,web_scraping_live
2026-09-10,PriceSmart Costa Rica,Vino tinto,Cune Vino Tinto Crianza Rioja 750 mL / 25.36 oz,8795.0,,0,750.0,https://www.pricesmart.com/es-cr/categoria/Licor-cerveza-y-vino-G10D08014/Vino-tinto-G10D08014011/G10D08014011?page=3,web_scraping_live
2026-09-10,PriceSmart Costa Rica,Vino tinto,Twin View Estates Cabernet Sauvignon Vino Tinto 1.5 L,6795.0,,0,1500.0,https://www.pricesmart.com/es-cr/categoria/Licor-cerveza-y-vino-G10D08014/Vino-tinto-G10D08014011/G10D08014011?page=3,web_scraping_live
2026-09-10,PriceSmart Costa Rica,Vino tinto,Carlo Rossi Vino Tinto Cuerpo Medio 3 L / 101.4 oz,13795.0,,0,3000.0,https://www.pricesmart.com/es-cr/categoria/Licor-cerveza-y-vino-G10D08014/Vino-tinto-G10D08014011/G10D08014011?page=3,web_scraping_live
2026-09-10,PriceSmart Costa Rica,Vino tinto,Ruffino Vino Tinto Chianti Classico 750 mL / 25.36 oz,8495.0,,0,750.0,https://www.pricesmart.com/es-cr/categoria/Licor-cerveza-y-vino-G10D08014/Vino-tinto-G10D08014011/G10D08014011?page=3,web_scraping_live
2026-09-10,PriceSmart Costa Rica,Vino tinto,Campo Viejo Vino Tinto Reserva 750 mL,14995.0,,0,750.0,https://www.pricesmart.com/es-cr/categoria/Licor-cerveza-y-vino-G10D08014/Vino-tinto-G10D08014011/G10D08014011?page=3,web_scraping_live
2026-09-10,PriceSmart Costa Rica,Vino tinto,Marqués de Riscal Vino Tinto Rioja Reserva 750 mL,15995.0,,0,750.0,https://www.pricesmart.com/es-cr/categoria/Licor-cerveza-y-vino-G10D08014/Vino-tinto-G10D08014011/G10D08014011?page=3,web_scraping_live
2026-09-10,PriceSmart Costa Rica,Vino tinto,Felino Vino Tinto Malbec 750 mL,7470.0,,0,750.0,https://www.pricesmart.com/es-cr/categoria/Licor-cerveza-y-vino-G10D08014/Vino-tinto-G10D08014011/G10D08014011?page=3,web_scraping_live
2026-09-10,PriceSmart Costa Rica,Vino tinto,Hacienda López de Haro Vino Crianza 750 mL,8795.0,,0,750.0,https://www.pricesmart.com/es-cr/categoria/Licor-cerveza-y-vino-G10D08014/Vino-tinto-G10D08014011/G10D08014011?page=3,web_scraping_live
2026-09-10,PriceSmart Costa Rica,Vino tinto,Montes Limited Selection Vino Cabernet Sauvignon Camenère 750 mL / 25.3 oz,10595.0,,0,750.0,https://www.pricesmart.com/es-cr/categoria/Licor-cerveza-y-vino-G10D08014/Vino-tinto-G10D08014011/G10D08014011?page=3,web_scraping_live
2026-09-10,PriceSmart Costa Rica,Vino tinto,Arrogante Frog Cabernet Sauvignon Merlot Vino Tinto 750 mL,7595.0,,0,750.0,https://www.pricesmart.com/es-cr/categoria/Licor-cerveza-y-vino-G10D08014/Vino-tinto-G10D08014011/G10D08014011?page=3,web_scraping_live
2026-09-10,PriceSmart Costa Rica,Vino tinto,BIN 27 Vino Tinto Reserve Port Fonseca 750 mL / 25.36 oz,14995.0,,0,750.0,https://www.pricesmart.com/es-cr/categoria/Licor-cerveza-y-vino-G10D08014/Vino-tinto-G10D08014011/G10D08014011?page=4,web_scraping_live
2026-09-10,PriceSmart Costa Rica,Vino tinto,Pulenta Estate Malbec Vino Tinto 750 mL,20995.0,,0,750.0,https://www.pricesmart.com/es-cr/categoria/Licor-cerveza-y-vino-G10D08014/Vino-tinto-G10D08014011/G10D08014011?page=4,web_scraping_live
2026-09-10,PriceSmart Costa Rica,Vino tinto,Cantina Fiorentino Primitivo Salento Vino Tinto 750 mL,9795.0,,0,750.0,https://www.pricesmart.com/es-cr/categoria/Licor-cerveza-y-vino-G10D08014/Vino-tinto-G10D08014011/G10D08014011?page=4,web_scraping_live
2026-09-10,PriceSmart Costa Rica,Vino tinto,El Coto Crianza Rioja Vino Tinto Tempranillo 750 mL,9795.0,,0,750.0,https://www.pricesmart.com/es-cr/categoria/Licor-cerveza-y-vino-G10D08014/Vino-tinto-G10D08014011/G10D08014011?page=4,web_scraping_live
2026-09-10,PriceSmart Costa Rica,Vino tinto,Douce Nature Vino Tinto Pinot Noir Orgánico 750 mL / 25.36 oz,9795.0,,0,750.0,https://www.pricesmart.com/es-cr/categoria/Licor-cerveza-y-vino-G10D08014/Vino-tinto-G10D08014011/G10D08014011?page=4,web_scraping_live
2026-09-10,PriceSmart Costa Rica,Vino tinto,M. Chapoutier Vino Tinto Côtes du Rhône 750 mL / 25.36 oz,10495.0,,0,750.0,https://www.pricesmart.com/es-cr/categoria/Licor-cerveza-y-vino-G10D08014/Vino-tinto-G10D08014011/G10D08014011?page=4,web_scraping_live
2026-09-10,PriceSmart Costa Rica,Vino tinto,Gato Negro Cabernet Sauvignon Vino Tinto 1.5 L / 51 oz,6795.0,,0,1500.0,https://www.pricesmart.com/es-cr/categoria/Licor-cerveza-y-vino-G10D08014/Vino-tinto-G10D08014011/G10D08014011?page=4,web_scraping_live
2026-09-10,PriceSmart Costa Rica,Vino tinto,Mantrús Reserva Vino Tinto Ribera del Duero 750 mL / 25.36 oz,4995.0,,0,750.0,https://www.pricesmart.com/es-cr/categoria/Licor-cerveza-y-vino-G10D08014/Vino-tinto-G10D08014011/G10D08014011?page=4,web_scraping_live
2026-09-10,PriceSmart Costa Rica,Vino tinto,Navarro Correas Vino Tinto Malbec 2 Unidades / 750 mL,16295.0,,0,1500.0,https://www.pricesmart.com/es-cr/categoria/Licor-cerveza-y-vino-G10D08014/Vino-tinto-G10D08014011/G10D08014011?page=4,web_scraping_live
2026-09-10,PriceSmart Costa Rica,Vino tinto,Trapiche Reserva Vino Tinto Malbec 2 Unidades / 750 mL / 25.36 oz + Kit Parrillero,11195.0,,0,1500.0,https://www.pricesmart.com/es-cr/categoria/Licor-cerveza-y-vino-G10D08014/Vino-tinto-G10D08014011/G10D08014011?page=4,web_scraping_live
2026-09-10,PriceSmart Costa Rica,Vino tinto,Alamos Vino Tinto Malbec 750 mL,7495.0,,0,750.0,https://www.pricesmart.com/es-cr/categoria/Licor-cerveza-y-vino-G10D08014/Vino-tinto-G10D08014011/G10D08014011?page=4,web_scraping_live
2026-09-10,PriceSmart Costa Rica,Vino tinto,Viña Alberdi Vino Tinto Tempranillo Crianza 750 mL / 25.36 oz,14970.0,,0,750.0,https://www.pricesmart.com/es-cr/categoria/Licor-cerveza-y-vino-G10D08014/Vino-tinto-G10D08014011/G10D08014011?page=4,web_scraping_live
2026-09-10,PriceSmart Costa Rica,Vino tinto,Zuccardi Q Vino Tinto Malbec 750 mL,14970.0,,0,750.0,https://www.pricesmart.com/es-cr/categoria/Licor-cerveza-y-vino-G10D08014/Vino-tinto-G10D08014011/G10D08014011?page=5,web_scraping_live
2026-09-10,PriceSmart Costa Rica,Vino tinto,J Lohr Cabernet Sauvignon Vino Tinto 750 mL,18970.0,,0,750.0,https://www.pricesmart.com/es-cr/categoria/Licor-cerveza-y-vino-G10D08014/Vino-tinto-G10D08014011/G10D08014011?page=5,web_scraping_live
2026-09-10,PriceSmart Costa Rica,Vino tinto,Montecillo Rioja Crianza Vino Tinto 750 mL,9470.0,,0,750.0,https://www.pricesmart.com/es-cr/categoria/Licor-cerveza-y-vino-G10D08014/Vino-tinto-G10D08014011/G10D08014011?page=5,web_scraping_live
2026-09-10,PriceSmart Costa Rica,Vino tinto,Misiones de Rengo Vino Tinto Cabernet Sauvignon 750 mL / 25.36 oz,6295.0,,0,750.0,https://www.pricesmart.com/es-cr/categoria/Licor-cerveza-y-vino-G10D08014/Vino-tinto-G10D08014011/G10D08014011?page=5,web_scraping_live
2026-09-10,PriceSmart Costa Rica,Vino tinto,Portia Roble Tempranillo Vino Tinto 750 mL,10995.0,,0,750.0,https://www.pricesmart.com/es-cr/categoria/Licor-cerveza-y-vino-G10D08014/Vino-tinto-G10D08014011/G10D08014011?page=5,web_scraping_live
2026-09-10,PriceSmart Costa Rica,Vino tinto,Arrogant Frog Pinot Noir Vino Tinto 750 mL,7795.0,,0,750.0,https://www.pricesmart.com/es-cr/categoria/Licor-cerveza-y-vino-G10D08014/Vino-tinto-G10D08014011/G10D08014011?page=5,web_scraping_live
2026-09-10,PriceSmart Costa Rica,Vino blanco,Pulpo Albariño Vino Blanco 750 mL,11795.0,,0,750.0,https://www.pricesmart.com/es-cr/categoria/Licor-cerveza-y-vino-G10D08014/Vino-blanco-G10D08014019/G10D08014019,web_scraping_live
2026-09-10,PriceSmart Costa Rica,Vino blanco,Frontera Concha & Toro Vino Blanco Sauvignon Blanc Semi 1.5 L,7795.0,,0,1500.0,https://www.pricesmart.com/es-cr/categoria/Licor-cerveza-y-vino-G10D08014/Vino-blanco-G10D08014019/G10D08014019,web_scraping_live
2026-09-10,PriceSmart Costa Rica,Vino blanco,Clos de Pirque Vino Blanco 3 Unidades / 1 L,7495.0,,0,3000.0,https://www.pricesmart.com/es-cr/categoria/Licor-cerveza-y-vino-G10D08014/Vino-blanco-G10D08014019/G10D08014019,web_scraping_live
2026-09-10,PriceSmart Costa Rica,Vino blanco,Marqués de Riscal Vino Blanco 750 mL,8295.0,,0,750.0,https://www.pricesmart.com/es-cr/categoria/Licor-cerveza-y-vino-G10D08014/Vino-blanco-G10D08014019/G10D08014019,web_scraping_live
2026-09-10,PriceSmart Costa Rica,Vino blanco,Loma Negra Chardonnay Classic Vino Blanco 750 mL / 25.4 oz,2395.0,,0,750.0,https://www.pricesmart.com/es-cr/categoria/Licor-cerveza-y-vino-G10D08014/Vino-blanco-G10D08014019/G10D08014019,web_scraping_live
2026-09-10,PriceSmart Costa Rica,Vino blanco,Reguta Vino Prosecco Extra Seco Italiano 750 mL / 25.36 oz,3795.0,,0,750.0,https://www.pricesmart.com/es-cr/categoria/Licor-cerveza-y-vino-G10D08014/Vino-blanco-G10D08014019/G10D08014019,web_scraping_live
2026-09-10,PriceSmart Costa Rica,Vino blanco,Santa Margherita Vino Blanco Pinot Grigio 750 mL / 25.36 oz,15495.0,,0,750.0,https://www.pricesmart.com/es-cr/categoria/Licor-cerveza-y-vino-G10D08014/Vino-blanco-G10D08014019/G10D08014019,web_scraping_live
2026-09-10,PriceSmart Costa Rica,Vino blanco,Casal Mendes Vino Verde 750 mL / 25.4 oz,5295.0,,0,750.0,https://www.pricesmart.com/es-cr/categoria/Licor-cerveza-y-vino-G10D08014/Vino-blanco-G10D08014019/G10D08014019,web_scraping_live
2026-09-10,PriceSmart Costa Rica,Vino blanco,Las Moras Pinot Grigio Vino Blanco Botella de 750 mL / 25.4 oz,5295.0,,0,750.0,https://www.pricesmart.com/es-cr/categoria/Licor-cerveza-y-vino-G10D08014/Vino-blanco-G10D08014019/G10D08014019,web_scraping_live
2026-09-10,PriceSmart Costa Rica,Vino blanco,Los Vascos Vino Blanco Sauvignon Blanc 750 mL / 25.36 oz,10495.0,,0,750.0,https://www.pricesmart.com/es-cr/categoria/Licor-cerveza-y-vino-G10D08014/Vino-blanco-G10D08014019/G10D08014019,web_scraping_live
2026-09-10,PriceSmart Costa Rica,Vino blanco,Pasqua Vino Blanco Pinot Grigio 750 mL / 25.36 oz,7795.0,,0,750.0,https://www.pricesmart.com/es-cr/categoria/Licor-cerveza-y-vino-G10D08014/Vino-blanco-G10D08014019/G10D08014019,web_scraping_live
2026-09-10,PriceSmart Costa Rica,Vino blanco,Gemma di Luna Pinot Grigio Vino Blanco 750 mL,9495.0,,0,750.0,https://www.pricesmart.com/es-cr/categoria/Licor-cerveza-y-vino-G10D08014/Vino-blanco-G10D08014019/G10D08014019,web_scraping_live
2026-09-10,PriceSmart Costa Rica,Vino rosado,Astoria Prosecco Rosé Vino Rosado 750 mL / 25.4 oz,5795.0,,0,750.0,https://www.pricesmart.com/es-cr/categoria/Licor-cerveza-y-vino-G10D08014/Vino-rosado-G10D08014012/G10D08014012,web_scraping_live
2026-09-10,PriceSmart Costa Rica,Vino rosado,Les Jamelles Vino Rosado Francés 750 mL / 25.36 oz,8795.0,,0,750.0,https://www.pricesmart.com/es-cr/categoria/Licor-cerveza-y-vino-G10D08014/Vino-rosado-G10D08014012/G10D08014012,web_scraping_live
2026-09-10,PriceSmart Costa Rica,Vino rosado,Soupçon de Fruit Rosé d'Anjou Botella de Vino Rosado 750 mL / 25.4 oz,7795.0,,0,750.0,https://www.pricesmart.com/es-cr/categoria/Licor-cerveza-y-vino-G10D08014/Vino-rosado-G10D08014012/G10D08014012,web_scraping_live
2026-09-10,PriceSmart Costa Rica,Vino rosado,Sandara Sparkling Vino Rosado Botella de 750 mL / 25.4 oz,5795.0,,0,750.0,https://www.pricesmart.com/es-cr/categoria/Licor-cerveza-y-vino-G10D08014/Vino-rosado-G10D08014012/G10D08014012,web_scraping_live
2026-09-10,PriceSmart Costa Rica,Vino rosado,Viña Esmeralda Vino Rosado Español Aroma Frutal 750 mL,5570.0,,0,750.0,https://www.pricesmart.com/es-cr/categoria/Licor-cerveza-y-vino-G10D08014/Vino-rosado-G10D08014012/G10D08014012,web_scraping_live
2026-09-10,PriceSmart Costa Rica,Vino rosado,Pasqua 11 Minutes Vino Rosado 750 mL,13995.0,,0,750.0,https://www.pricesmart.com/es-cr/categoria/Licor-cerveza-y-vino-G10D08014/Vino-rosado-G10D08014012/G10D08014012,web_scraping_live
2026-09-10,PriceSmart Costa Rica,Vino rosado,The Beach by Whispering Angel Vino Rosado Francés 750 mL,15495.0,,0,750.0,https://www.pricesmart.com/es-cr/categoria/Licor-cerveza-y-vino-G10D08014/Vino-rosado-G10D08014012/G10D08014012,web_scraping_live
2026-09-10,PriceSmart Costa Rica,Vino rosado,Arrogant Frog Vino Rosado 750 mL,8495.0,,0,750.0,https://www.pricesmart.com/es-cr/categoria/Licor-cerveza-y-vino-G10D08014/Vino-rosado-G10D08014012/G10D08014012,web_scraping_live
2026-09-10,PriceSmart Costa Rica,Vino rosado,Taanug Vino Rosado Francés Aroma a Fresas 750 mL,8795.0,,0,750.0,https://www.pricesmart.com/es-cr/categoria/Licor-cerveza-y-vino-G10D08014/Vino-rosado-G10D08014012/G10D08014012,web_scraping_live
2026-09-10,PriceSmart Costa Rica,Vino rosado,Montes Vino Rosado Cherub 750 mL / 25.36 oz,9195.0,,0,750.0,https://www.pricesmart.com/es-cr/categoria/Licor-cerveza-y-vino-G10D08014/Vino-rosado-G10D08014012/G10D08014012,web_scraping_live
2026-09-10,PriceSmart Costa Rica,Vino rosado,Mateus The Original Vino Rosado Espumoso Portugués 1 L,7795.0,,0,1000.0,https://www.pricesmart.com/es-cr/categoria/Licor-cerveza-y-vino-G10D08014/Vino-rosado-G10D08014012/G10D08014012,web_scraping_live
